2011040100,2,0,1,3,10.66,12.88,100,11.0014,0,6,6
2011040101,2,0,1,3,10.66,12.88,100,11.0014,0,4,4
2011040102,2,0,1,3,10.66,12.88,93,12.998,0,7,7
2011040103,2,0,1,2,9.84,11.365,93,16.9979,0,4,4
2011040104,2,0,1,2,9.84,11.365,93,16.9979,0,3,3
2011040105,2,0,1,3,9.84,11.365,93,15.0013,1,11,12
2011040106,2,0,1,3,9.84,11.365,93,15.0013,2,26,28
2011040107,2,0,1,3,9.84,12.12,93,0,4,91,95
2011040108,2,0,1,2,10.66,12.12,87,16.9979,8,198,206
2011040109,2,0,1,1,13.12,14.395,70,23.9994,11,162,173
2011040110,2,0,1,1,13.12,15.15,66,19.0012,12,63,75
2011040111,2,0,1,1,13.12,14.395,61,23.9994,17,72,89
2011040112,2,0,1,1,13.94,15.15,53,23.9994,15,80,95
2011040113,2,0,1,1,14.76,16.665,50,23.9994,18,92,110
2011040114,2,0,1,2,14.76,16.665,46,23.9994,26,61,87
2011040115,2,0,1,1,13.94,15.15,46,27.9993,30,81,111
2011040116,2,0,1,1,13.94,15.15,46,27.9993,42,125,167
2011040117,2,0,1,1,13.94,15.15,46,22.0028,36,245,281
2011040118,2,0,1,1,13.94,15.15,46,22.0028,36,205,241
2011040119,2,0,1,1,13.94,15.15,49,22.0028,16,120,136
2011040120,2,0,1,1,13.12,15.91,53,12.998,2,75,77
2011040121,2,0,1,1,13.12,16.665,53,8.9981,9,84,93
2011040122,2,0,1,1,12.3,15.15,56,11.0014,10,64,74
2011040123,2,0,1,1,12.3,15.91,61,6.0032,12,41,53
2011040200,2,0,0,2,12.3,16.665,61,0,3,29,32
2011040201,2,0,0,1,10.66,13.635,65,8.9981,4,28,32
2011040202,2,0,0,1,9.84,12.12,75,8.9981,1,20,21
2011040203,2,0,0,1,9.84,12.12,70,11.0014,1,8,9
2011040204,2,0,0,1,9.84,12.12,70,11.0014,0,5,5
2011040205,2,0,0,2,9.84,12.12,75,11.0014,1,4,5
2011040206,2,0,0,1,10.66,13.635,70,7.0015,5,7,12
2011040207,2,0,0,2,10.66,13.635,70,7.0015,2,16,18
2011040208,2,0,0,1,12.3,15.91,70,7.0015,10,45,55
2011040209,2,0,0,2,13.94,17.425,66,7.0015,22,65,87
2011040210,2,0,0,2,14.76,17.425,57,11.0014,41,113,154
2011040211,2,0,0,2,16.4,20.455,47,11.0014,72,126,198
2011040212,2,0,0,3,13.12,16.665,81,8.9981,84,100,184
2011040213,2,0,0,1,13.94,16.665,81,8.9981,56,81,137
2011040214,2,0,0,3,13.12,15.15,76,22.0028,97,93,190
2011040215,2,0,0,3,13.94,15.15,76,26.0027,72,64,136
2011040216,2,0,0,1,15.58,19.695,62,22.0028,111,85,196
2011040217,2,0,0,1,15.58,19.695,54,23.9994,89,95,184
2011040218,2,0,0,1,15.58,19.695,54,12.998,69,110,179
2011040219,2,0,0,1,14.76,16.665,53,23.9994,71,77,148
2011040220,2,0,0,1,13.94,15.91,53,19.0012,29,56,85
2011040221,2,0,0,1,13.12,15.15,61,16.9979,24,53,77
2011040222,2,0,0,1,13.12,15.15,61,19.9995,14,41,55
2011040223,2,0,0,1,13.12,15.91,61,11.0014,20,33,53
2011040300,2,0,0,1,12.3,14.395,65,12.998,8,31,39
2011040301,2,0,0,1,12.3,15.91,61,7.0015,8,26,34
2011040302,2,0,0,1,10.66,13.635,70,8.9981,5,19,24
2011040303,2,0,0,1,12.3,16.665,61,0,3,8,11
2011040304,2,0,0,1,11.48,15.15,70,6.0032,3,0,3
2011040305,2,0,0,1,11.48,13.635,65,15.0013,1,4,5
2011040306,2,0,0,1,11.48,13.635,65,12.998,10,23,33
2011040307,2,0,0,1,13.12,15.15,57,15.0013,13,20,33
2011040308,2,0,0,1,13.94,16.665,57,11.0014,18,44,62
2011040309,2,0,0,1,14.76,15.91,50,32.9975,68,74,142
2011040310,2,0,0,1,16.4,20.455,43,27.9993,111,104,215
2011040311,2,0,0,1,17.22,21.21,41,16.9979,139,104,243
2011040312,2,0,0,1,18.04,21.97,38,19.0012,166,147,313
2011040313,2,0,0,1,18.04,21.97,33,19.9995,219,148,367
2011040314,2,0,0,1,18.86,22.725,31,8.9981,240,109,349
2011040315,2,0,0,2,18.86,22.725,33,0,174,118,292
2011040316,2,0,0,2,18.86,22.725,31,12.998,147,156,303
2011040317,2,0,0,2,18.86,22.725,28,8.9981,148,126,274
2011040318,2,0,0,2,18.86,22.725,31,0,71,101,172
2011040319,2,0,0,2,17.22,21.21,44,12.998,51,93,144
2011040320,2,0,0,3,17.22,21.21,41,15.0013,24,55,79
2011040321,2,0,0,2,17.22,21.21,44,15.0013,8,37,45
2011040322,2,0,0,1,16.4,20.455,43,7.0015,7,29,36
2011040323,2,0,0,1,16.4,20.455,50,6.0032,9,22,31
2011040400,2,0,1,1,16.4,20.455,50,15.0013,1,5,6
2011040401,2,0,1,1,16.4,20.455,56,23.9994,7,4,11
2011040402,2,0,1,1,15.58,19.695,66,16.9979,1,1,2
2011040403,2,0,1,1,15.58,19.695,66,19.0012,1,0,1
2011040404,2,0,1,1,15.58,19.695,71,19.9995,1,1,2
2011040405,2,0,1,1,16.4,20.455,62,16.9979,0,7,7
2011040406,2,0,1,1,17.22,21.21,58,19.0012,3,43,46
2011040407,2,0,1,2,18.04,21.97,54,16.9979,7,150,157
2011040408,2,0,1,2,18.86,22.725,55,19.9995,31,308,339
2011040409,2,0,1,2,20.5,24.24,51,26.0027,24,134,158
2011040410,2,0,1,2,22.14,25.76,45,23.9994,35,55,90
2011040411,2,0,1,1,24.6,31.06,40,26.0027,58,66,124
2011040412,2,0,1,1,26.24,31.06,36,31.0009,59,98,157
2011040413,2,0,1,1,27.88,31.82,34,22.0028,47,92,139
2011040414,2,0,1,2,30.34,32.575,27,32.9975,47,76,123
2011040415,2,0,1,1,31.16,33.335,23,36.9974,47,96,143
2011040416,2,0,1,1,31.16,32.575,22,35.0008,59,130,189
2011040417,2,0,1,1,30.34,32.575,23,40.9973,83,283,366
2011040418,2,0,1,2,29.52,31.82,23,32.9975,78,308,386
2011040419,2,0,1,1,28.7,31.82,24,31.0009,51,227,278
2011040420,2,0,1,2,28.7,31.82,24,36.9974,40,133,173
2011040421,2,0,1,2,28.7,31.82,30,30.0026,19,76,95
2011040422,2,0,1,2,27.88,31.82,36,31.0009,17,58,75
2011040423,2,0,1,2,26.24,31.06,47,15.0013,18,30,48
2011040500,2,0,1,1,25.42,31.06,50,7.0015,10,12,22
2011040501,2,0,1,3,25.42,31.06,57,27.9993,10,5,15
2011040502,2,0,1,2,22.14,25.76,73,22.0028,0,5,5
2011040503,2,0,1,2,22.14,25.76,73,22.0028,1,3,4
2011040504,2,0,1,3,20.5,24.24,88,32.9975,0,2,2
2011040505,2,0,1,3,18.86,22.725,94,19.9995,0,5,5
2011040506,2,0,1,2,19.68,23.485,88,22.0028,2,36,38
2011040507,2,0,1,2,19.68,23.485,88,22.0028,10,124,134
2011040508,2,0,1,3,15.58,19.695,87,39.0007,9,148,157
2011040509,2,0,1,3,14.76,15.91,87,32.9975,2,44,46
2011040510,2,0,1,3,13.94,15.15,81,26.0027,3,25,28
2011040511,2,0,1,3,13.12,14.395,81,30.0026,1,18,19
2011040512,2,0,1,2,13.94,15.15,71,26.0027,6,32,38
2011040513,2,0,1,2,14.76,16.665,63,27.9993,5,51,56
2011040514,2,0,1,2,14.76,15.91,57,32.9975,9,67,76
2011040515,2,0,1,1,16.4,20.455,46,31.0009,6,62,68
2011040516,2,0,1,1,15.58,19.695,46,27.9993,17,113,130
2011040517,2,0,1,1,17.22,21.21,38,27.9993,27,246,273
2011040518,2,0,1,1,15.58,19.695,40,32.9975,19,248,267
2011040519,2,0,1,1,14.76,16.665,43,19.9995,12,148,160
2011040520,2,0,1,1,13.94,15.91,46,19.0012,4,87,91
2011040521,2,0,1,1,13.94,14.395,46,35.0008,8,81,89
2011040522,2,0,1,1,13.12,15.15,49,19.9995,3,43,46
2011040523,2,0,1,1,12.3,14.395,49,19.0012,3,23,26
2011040600,2,0,1,1,12.3,15.91,49,7.0015,0,15,15
2011040601,2,0,1,1,10.66,13.635,60,8.9981,0,2,2
2011040602,2,0,1,1,9.84,12.12,70,8.9981,0,5,5
2011040603,2,0,1,1,10.66,13.635,60,8.9981,0,4,4
2011040604,2,0,1,1,9.84,12.12,65,8.9981,0,1,1
2011040605,2,0,1,1,9.84,12.88,70,7.0015,1,12,13
2011040606,2,0,1,1,9.84,12.88,70,7.0015,4,52,56
2011040607,2,0,1,1,10.66,13.635,65,7.0015,3,130,133
2011040608,2,0,1,1,13.12,15.15,61,15.0013,17,308,325
2011040609,2,0,1,1,14.76,16.665,46,16.9979,8,157,165
2011040610,2,0,1,1,16.4,20.455,37,26.0027,21,48,69
2011040611,2,0,1,1,17.22,21.21,38,26.0027,23,70,93
2011040612,2,0,1,1,18.04,21.97,41,16.9979,22,112,134
2011040613,2,0,1,1,18.86,22.725,38,32.9975,29,83,112
2011040614,2,0,1,1,20.5,24.24,34,27.9993,35,80,115
2011040615,2,0,1,1,21.32,25,32,22.0028,34,83,117
2011040616,2,0,1,1,22.14,25.76,28,27.9993,27,142,169
2011040617,2,0,1,1,21.32,25,32,30.0026,53,303,356
2011040618,2,0,1,1,21.32,25,29,23.9994,43,282,325
2011040619,2,0,1,1,20.5,24.24,31,19.9995,36,196,232
2011040620,2,0,1,1,18.86,22.725,51,15.0013,15,126,141
2011040621,2,0,1,1,18.86,22.725,41,19.0012,18,84,102
2011040622,2,0,1,1,18.86,22.725,41,19.0012,13,71,84
2011040623,2,0,1,1,18.86,22.725,41,19.9995,11,29,40
2011040700,2,0,1,1,18.86,22.725,41,19.0012,5,15,20
2011040701,2,0,1,1,17.22,21.21,47,8.9981,2,11,13
2011040702,2,0,1,1,17.22,21.21,54,0,0,7,7
2011040703,2,0,1,1,14.76,17.425,66,12.998,0,3,3
2011040704,2,0,1,1,13.94,16.665,76,12.998,0,1,1
2011040705,2,0,1,1,13.94,15.91,76,15.0013,0,6,6
2011040706,2,0,1,1,13.12,15.15,81,16.9979,5,59,64
2011040707,2,0,1,2,13.94,16.665,76,11.0014,8,152,160
2011040708,2,0,1,1,14.76,17.425,76,12.998,23,291,314
2011040709,2,0,1,2,16.4,20.455,66,8.9981,15,155,170
2011040710,2,0,1,2,17.22,21.21,67,7.0015,29,66,95
2011040711,2,0,1,2,18.86,22.725,55,0,36,86,122
2011040712,2,0,1,2,18.86,22.725,55,0,39,114,153
2011040713,2,0,1,2,21.32,25,48,6.0032,36,99,135
2011040714,2,0,1,1,22.96,26.515,43,6.0032,46,111,157
2011040715,2,0,1,1,24.6,31.06,38,7.0015,27,133,160
2011040716,2,0,1,1,24.6,31.06,35,0,52,161,213
2011040717,2,0,1,1,21.32,25,52,19.0012,63,280,343
2011040718,2,0,1,1,19.68,23.485,55,16.9979,68,265,333
2011040719,2,0,1,1,18.86,22.725,59,19.9995,34,192,226
2011040720,2,0,1,1,18.04,21.97,62,11.0014,37,166,203
2011040721,2,0,1,2,18.04,21.97,67,19.0012,19,89,108
2011040722,2,0,1,2,16.4,20.455,76,12.998,18,63,81
2011040723,2,0,1,1,15.58,19.695,76,16.9979,9,45,54
2011040800,2,0,1,2,14.76,17.425,76,15.0013,4,21,25
2011040801,2,0,1,2,13.94,16.665,76,8.9981,3,6,9
2011040802,2,0,1,3,13.94,16.665,76,11.0014,3,10,13
2011040803,2,0,1,3,13.94,16.665,76,11.0014,0,1,1
2011040804,2,0,1,2,13.94,16.665,86,8.9981,0,1,1
2011040805,2,0,1,2,13.12,15.91,87,12.998,1,8,9
2011040806,2,0,1,2,13.94,18.18,87,0,2,33,35
2011040807,2,0,1,3,13.94,16.665,87,11.0014,4,109,113
2011040808,2,0,1,3,13.94,16.665,87,11.0014,13,208,221
2011040809,2,0,1,2,14.76,17.425,76,12.998,17,168,185
2011040810,2,0,1,2,14.76,16.665,71,19.0012,10,63,73
2011040811,2,0,1,2,16.4,20.455,62,26.0027,19,79,98
2011040812,2,0,1,3,15.58,19.695,66,15.0013,29,51,80
2011040813,2,0,1,3,14.76,16.665,76,19.0012,7,35,42
2011040814,2,0,1,3,13.94,15.91,87,15.0013,2,13,15
2011040815,2,0,1,3,13.94,15.91,87,15.0013,1,24,25
2011040816,2,0,1,2,13.12,15.15,93,16.9979,2,58,60
2011040817,2,0,1,3,13.12,15.15,93,16.9979,10,138,148
2011040818,2,0,1,3,13.12,15.15,93,16.9979,8,54,62
2011040819,2,0,1,3,12.3,13.635,93,27.9993,1,52,53
2011040820,2,0,1,2,12.3,13.635,93,22.0028,12,51,63
2011040821,2,0,1,2,12.3,14.395,93,16.9979,11,43,54
2011040822,2,0,1,2,12.3,13.635,93,19.9995,9,42,51
2011040823,2,0,1,2,12.3,14.395,93,15.0013,4,31,35
2011040900,2,0,0,2,12.3,14.395,87,15.0013,5,26,31
2011040901,2,0,0,2,12.3,15.15,87,8.9981,3,17,20
2011040902,2,0,0,2,13.12,15.15,87,15.0013,2,15,17
2011040903,2,0,0,3,12.3,14.395,100,16.9979,3,11,14
2011040904,2,0,0,3,12.3,13.635,100,16.9979,0,3,3
2011040905,2,0,0,2,12.3,14.395,93,15.0013,0,5,5
2011040906,2,0,0,2,12.3,14.395,93,12.998,0,13,13
2011040907,2,0,0,2,12.3,15.15,93,11.0014,8,13,21
2011040908,2,0,0,2,13.12,15.15,93,11.0014,7,47,54
2011040909,2,0,0,2,13.94,17.425,87,7.0015,27,71,98
2011040910,2,0,0,2,13.94,16.665,87,8.9981,43,90,133
2011040911,2,0,0,2,14.76,18.18,81,0,51,91,142
2011040912,2,0,0,2,14.76,17.425,81,8.9981,79,123,202
2011040913,2,0,0,2,14.76,18.94,81,0,114,108,222
2011040914,2,0,0,2,14.76,17.425,81,8.9981,94,118,212
2011040915,2,0,0,2,14.76,18.94,87,0,85,116,201
2011040916,2,0,0,2,15.58,19.695,82,0,73,118,191
2011040917,2,0,0,2,15.58,19.695,82,6.0032,128,129,257
2011040918,2,0,0,2,15.58,19.695,82,7.0015,48,129,177
2011040919,2,0,0,2,15.58,19.695,82,8.9981,47,83,130
2011040920,2,0,0,2,15.58,19.695,87,11.0014,19,74,93
2011040921,2,0,0,2,14.76,17.425,93,8.9981,10,65,75
2011040922,2,0,0,2,14.76,17.425,93,8.9981,21,66,87
2011040923,2,0,0,2,15.58,19.695,87,6.0032,12,45,57
2011041000,2,0,0,2,15.58,19.695,87,6.0032,5,48,53
2011041001,2,0,0,2,15.58,19.695,87,8.9981,6,31,37
2011041002,2,0,0,2,15.58,19.695,87,6.0032,12,24,36
2011041003,2,0,0,2,15.58,19.695,87,8.9981,5,11,16
2011041004,2,0,0,2,14.76,18.18,93,7.0015,3,2,5
2011041005,2,0,0,2,14.76,18.18,93,6.0032,0,4,4
2011041006,2,0,0,2,14.76,18.18,93,6.0032,0,4,4
2011041007,2,0,0,2,14.76,18.18,100,6.0032,3,7,10
2011041008,2,0,0,2,15.58,19.695,94,6.0032,17,38,55
2011041009,2,0,0,2,15.58,19.695,94,8.9981,31,50,81
2011041010,2,0,0,2,16.4,20.455,87,0,69,81,150
2011041011,2,0,0,2,16.4,20.455,87,8.9981,93,109,202
2011041012,2,0,0,2,17.22,21.21,88,8.9981,94,136,230
2011041013,2,0,0,1,18.86,22.725,82,7.0015,121,142,263
2011041014,2,0,0,1,20.5,24.24,72,12.998,148,133,281
2011041015,2,0,0,1,20.5,24.24,77,15.0013,156,141,297
2011041016,2,0,0,2,21.32,25,72,11.0014,135,153,288
2011041017,2,0,0,2,21.32,25,72,12.998,84,152,236
2011041018,2,0,0,1,20.5,24.24,77,12.998,103,137,240
2011041019,2,0,0,1,20.5,24.24,77,12.998,47,84,131
2011041020,2,0,0,1,18.86,22.725,82,8.9981,21,71,92
2011041021,2,0,0,1,18.04,21.97,88,12.998,18,77,95
2011041022,2,0,0,1,18.04,21.97,94,16.9979,12,45,57
2011041023,2,0,0,1,18.86,22.725,88,23.9994,5,27,32
2011041100,2,0,1,1,19.68,23.485,88,22.0028,7,16,23
2011041101,2,0,1,1,18.86,22.725,94,19.0012,1,3,4
2011041102,2,0,1,1,18.86,22.725,94,19.0012,7,2,9
2011041104,2,0,1,1,18.86,22.725,94,12.998,0,1,1
2011041105,2,0,1,1,18.86,22.725,94,12.998,1,12,13
2011041106,2,0,1,2,18.86,22.725,100,15.0013,2,59,61
2011041107,2,0,1,2,20.5,24.24,88,15.0013,12,164,176
2011041108,2,0,1,2,21.32,25,88,19.0012,28,286,314
2011041109,2,0,1,2,22.96,26.515,83,19.0012,33,132,165
2011041110,2,0,1,2,22.96,26.515,83,19.9995,41,55,96
2011041111,2,0,1,2,24.6,29.545,73,19.9995,45,59,104
2011041112,2,0,1,2,24.6,29.545,73,22.0028,37,97,134
2011041113,2,0,1,2,26.24,30.305,69,27.9993,62,77,139
2011041114,2,0,1,2,29.52,33.335,54,23.9994,60,85,145
2011041115,2,0,1,1,30.34,33.335,48,35.0008,56,85,141
2011041116,2,0,1,1,30.34,33.335,48,35.0008,73,162,235
2011041117,2,0,1,1,30.34,33.335,48,35.0008,100,352,452
2011041118,2,0,1,1,29.52,33.335,51,26.0027,93,290,383
2011041119,2,0,1,1,29.52,33.335,51,30.0026,73,211,284
2011041120,2,0,1,1,27.88,31.82,57,35.0008,44,122,166
2011041121,2,0,1,1,27.06,31.06,61,16.9979,39,119,158
2011041122,2,0,1,2,26.24,31.06,50,19.0012,25,66,91
2011041123,2,0,1,3,23.78,27.275,60,0,16,38,54
2011041200,2,0,1,2,25.42,31.06,50,7.0015,11,13,24
2011041201,2,0,1,2,25.42,31.06,50,6.0032,6,7,13
2011041202,2,0,1,2,24.6,31.06,53,8.9981,7,7,14
2011041203,2,0,1,2,23.78,27.275,56,8.9981,0,1,1
2011041204,2,0,1,2,22.96,26.515,64,8.9981,4,2,6
2011041205,2,0,1,2,22.14,25.76,68,8.9981,1,15,16
2011041206,2,0,1,2,22.14,25.76,68,19.0012,3,55,58
2011041207,2,0,1,2,22.14,25.76,68,15.0013,12,177,189
2011041208,2,0,1,3,19.68,23.485,88,26.0027,15,211,226
2011041209,2,0,1,3,18.86,22.725,94,32.9975,4,50,54
2011041210,2,0,1,3,20.5,24.24,82,27.9993,6,34,40
2011041211,2,0,1,1,21.32,25,77,23.9994,11,38,49
2011041212,2,0,1,2,22.96,26.515,64,31.0009,9,83,92
2011041213,2,0,1,3,22.14,25.76,68,19.0012,22,84,106
2011041214,2,0,1,2,20.5,24.24,82,19.0012,16,28,44
2011041215,2,0,1,2,19.68,23.485,77,35.0008,24,54,78
2011041216,2,0,1,2,19.68,23.485,77,26.0027,19,80,99
2011041217,2,0,1,3,18.04,21.97,77,15.0013,29,262,291
2011041218,2,0,1,3,18.04,21.97,77,15.0013,21,203,224
2011041219,2,0,1,2,17.22,21.21,82,19.0012,3,127,130
2011041220,2,0,1,2,17.22,21.21,82,19.0012,9,94,103
2011041221,2,0,1,2,17.22,21.21,82,12.998,10,74,84
2011041222,2,0,1,2,16.4,20.455,94,19.9995,7,47,54
2011041223,2,0,1,2,16.4,20.455,94,16.9979,8,31,39
2011041300,2,0,1,2,16.4,20.455,100,19.9995,3,12,15
2011041301,2,0,1,2,16.4,20.455,100,19.9995,0,1,1
2011041302,2,0,1,3,16.4,20.455,100,19.9995,0,2,2
2011041303,2,0,1,3,16.4,20.455,94,22.0028,0,2,2
2011041304,2,0,1,3,16.4,20.455,94,22.0028,1,2,3
2011041305,2,0,1,3,15.58,19.695,94,16.9979,1,4,5
2011041306,2,0,1,3,15.58,19.695,94,15.0013,1,33,34
2011041307,2,0,1,3,14.76,17.425,100,15.0013,3,67,70
2011041308,2,0,1,3,15.58,19.695,94,12.998,6,158,164
2011041309,2,0,1,2,15.58,19.695,94,15.0013,2,63,65
2011041310,2,0,1,2,16.4,20.455,87,12.998,4,42,46
2011041311,2,0,1,2,17.22,21.21,82,12.998,4,57,61
2011041312,2,0,1,3,17.22,21.21,82,16.9979,12,83,95
2011041313,2,0,1,2,18.04,21.97,77,12.998,6,55,61
2011041314,2,0,1,2,17.22,21.21,77,16.9979,24,82,106
2011041315,2,0,1,2,18.04,21.97,72,19.0012,12,69,81
2011041316,2,0,1,1,18.86,22.725,67,19.0012,23,119,142
2011041317,2,0,1,1,18.86,22.725,67,19.9995,25,284,309
2011041318,2,0,1,1,18.04,21.97,62,26.0027,28,293,321
2011041319,2,0,1,1,18.04,21.97,62,16.9979,15,160,175
2011041320,2,0,1,1,18.04,21.97,62,16.9979,7,119,126
2011041321,2,0,1,1,17.22,21.21,67,11.0014,17,100,117
2011041322,2,0,1,1,17.22,21.21,67,12.998,10,89,99
2011041323,2,0,1,1,16.4,20.455,71,8.9981,5,57,62
2011041400,2,0,1,1,15.58,19.695,76,8.9981,3,18,21
2011041401,2,0,1,1,15.58,19.695,76,15.0013,1,9,10
2011041402,2,0,1,1,14.76,17.425,76,8.9981,0,3,3
2011041403,2,0,1,1,13.94,16.665,81,8.9981,0,2,2
2011041404,2,0,1,1,13.94,18.18,76,0,1,8,9
2011041405,2,0,1,1,13.94,17.425,76,6.0032,2,12,14
2011041406,2,0,1,1,13.94,17.425,76,7.0015,4,66,70
2011041407,2,0,1,1,15.58,19.695,66,0,11,182,193
2011041408,2,0,1,1,17.22,21.21,58,11.0014,21,316,337
2011041409,2,0,1,1,18.86,22.725,51,8.9981,18,152,170
2011041410,2,0,1,1,20.5,24.24,51,12.998,21,68,89
2011041411,2,0,1,1,21.32,25,45,11.0014,28,87,115
2011041412,2,0,1,1,22.14,25.76,42,8.9981,35,110,145
2011041413,2,0,1,1,22.96,26.515,37,15.0013,38,121,159
2011041414,2,0,1,1,22.96,26.515,35,6.0032,36,101,137
2011041415,2,0,1,1,24.6,31.06,31,6.0032,57,85,142
2011041416,2,0,1,1,24.6,30.305,26,7.0015,49,153,202
2011041417,2,0,1,1,24.6,30.305,28,0,50,338,388
2011041418,2,0,1,1,22.96,26.515,30,0,47,290,337
2011041419,2,0,1,1,22.14,25.76,32,0,37,222,259
2011041420,2,0,1,1,20.5,24.24,51,12.998,22,147,169
2011041421,2,0,1,1,18.86,22.725,63,8.9981,19,126,145
2011041422,2,0,1,1,19.68,23.485,55,7.0015,22,82,104
2011041423,2,0,1,1,18.86,22.725,59,7.0015,7,40,47
2011041500,2,1,0,1,18.04,21.97,67,0,6,21,27
2011041501,2,1,0,1,18.04,21.97,62,0,6,9,15
2011041502,2,1,0,1,16.4,20.455,76,0,8,10,18
2011041503,2,1,0,1,16.4,20.455,76,0,0,3,3
2011041504,2,1,0,1,15.58,19.695,82,6.0032,0,3,3
2011041505,2,1,0,1,14.76,18.18,81,7.0015,2,11,13
2011041506,2,1,0,1,14.76,18.18,81,6.0032,5,42,47
2011041507,2,1,0,1,16.4,20.455,71,11.0014,10,139,149
2011041508,2,1,0,1,18.04,21.97,62,19.9995,21,279,300
2011041509,2,1,0,1,20.5,24.24,55,12.998,16,162,178
2011041510,2,1,0,1,20.5,24.24,55,12.998,31,91,122
2011041511,2,1,0,1,21.32,25,55,12.998,41,95,136
2011041512,2,1,0,1,21.32,25,55,19.0012,45,155,200
2011041513,2,1,0,1,22.14,25.76,52,16.9979,47,133,180
2011041514,2,1,0,1,22.14,25.76,52,16.9979,57,106,163
2011041515,2,1,0,1,22.14,25.76,52,30.0026,50,112,162
2011041516,2,1,0,1,21.32,25,55,32.9975,70,173,243
2011041517,2,1,0,2,20.5,24.24,63,26.0027,64,267,331
2011041518,2,1,0,2,18.86,22.725,67,26.0027,47,216,263
2011041519,2,1,0,1,17.22,21.21,77,26.0027,41,168,209
2011041520,2,1,0,2,16.4,20.455,76,22.0028,26,92,118
2011041521,2,1,0,2,16.4,20.455,76,19.9995,25,77,102
2011041522,2,1,0,2,15.58,19.695,82,26.0027,16,64,80
2011041523,2,1,0,2,14.76,17.425,81,12.998,8,56,64
2011041600,2,0,0,2,14.76,17.425,81,15.0013,7,36,43
2011041601,2,0,0,2,14.76,16.665,87,19.0012,5,28,33
2011041602,2,0,0,2,14.76,17.425,87,8.9981,5,19,24
2011041603,2,0,0,2,14.76,17.425,87,11.0014,5,9,14
2011041604,2,0,0,2,14.76,17.425,87,15.0013,1,4,5
2011041605,2,0,0,2,15.58,19.695,87,19.0012,1,3,4
2011041606,2,0,0,3,16.4,20.455,82,22.0028,1,9,10
2011041607,2,0,0,2,16.4,20.455,82,27.9993,3,18,21
2011041608,2,0,0,3,16.4,20.455,87,23.9994,7,38,45
2011041609,2,0,0,3,16.4,20.455,100,19.9995,2,27,29
2011041610,2,0,0,3,17.22,21.21,94,26.0027,1,21,22
2011041611,2,0,0,3,17.22,21.21,94,30.0026,4,27,31
2011041612,2,0,0,2,18.86,22.725,88,39.0007,6,26,32
2011041613,2,0,0,3,18.86,22.725,94,35.0008,9,49,58
2011041614,2,0,0,3,21.32,25,83,39.0007,14,49,63
2011041615,2,0,0,3,21.32,25,83,39.0007,16,62,78
2011041616,2,0,0,3,20.5,24.24,88,31.0009,6,27,33
2011041617,2,0,0,3,20.5,24.24,88,39.0007,1,14,15
2011041618,2,0,0,2,20.5,24.24,94,26.0027,6,32,38
2011041619,2,0,0,2,21.32,25,94,27.9993,9,62,71
2011041620,2,0,0,3,18.04,21.97,94,15.0013,4,49,53
2011041621,2,0,0,2,18.04,21.97,94,0,1,13,14
2011041622,2,0,0,3,17.22,21.21,100,0,2,22,24
2011041623,2,0,0,2,18.04,21.97,77,19.0012,5,30,35
2011041700,2,0,0,2,18.04,21.97,77,19.0012,4,29,33
2011041701,2,0,0,1,17.22,21.21,67,15.0013,6,25,31
2011041702,2,0,0,1,16.4,20.455,62,12.998,4,25,29
2011041703,2,0,0,1,16.4,20.455,66,8.9981,12,13,25
2011041704,2,0,0,1,14.76,18.18,76,7.0015,2,5,7
2011041705,2,0,0,1,14.76,17.425,71,11.0014,2,1,3
2011041706,2,0,0,1,14.76,15.91,66,30.0026,3,5,8
2011041707,2,0,0,1,14.76,16.665,50,23.9994,2,14,16
2011041708,2,0,0,1,15.58,19.695,46,26.0027,7,36,43
2011041709,2,0,0,1,16.4,20.455,43,19.0012,31,71,102
2011041710,2,0,0,1,17.22,21.21,44,30.0026,91,120,211
2011041711,2,0,0,1,18.86,22.725,41,27.9993,119,185,304
2011041712,2,0,0,1,18.86,22.725,38,26.0027,167,187,354
2011041713,2,0,0,1,20.5,24.24,34,26.0027,181,162,343
2011041714,2,0,0,1,21.32,25,34,26.0027,170,191,361
2011041715,2,0,0,1,22.14,25.76,32,35.0008,179,209,388
2011041716,2,0,0,1,22.14,25.76,30,23.9994,161,182,343
2011041717,2,0,0,1,22.96,26.515,30,30.0026,143,163,306
2011041718,2,0,0,1,22.96,26.515,30,26.0027,102,175,277
2011041719,2,0,0,1,22.96,26.515,30,19.9995,75,135,210
2011041720,2,0,0,1,21.32,25,36,12.998,44,97,141
2011041721,2,0,0,1,20.5,24.24,42,12.998,13,70,83
2011041722,2,0,0,1,20.5,24.24,39,7.0015,21,49,70
2011041723,2,0,0,1,18.04,21.97,67,11.0014,19,37,56
2011041800,2,0,1,1,18.86,22.725,47,6.0032,15,24,39
2011041801,2,0,1,1,18.86,22.725,47,8.9981,11,8,19
2011041802,2,0,1,1,17.22,21.21,67,7.0015,14,2,16
2011041803,2,0,1,1,17.22,21.21,62,7.0015,6,1,7
2011041804,2,0,1,1,16.4,20.455,87,11.0014,2,4,6
2011041805,2,0,1,1,16.4,20.455,76,6.0032,0,16,16
2011041806,2,0,1,1,16.4,20.455,82,0,3,51,54
2011041807,2,0,1,1,18.86,22.725,63,0,12,156,168
2011041808,2,0,1,1,18.86,22.725,63,0,20,277,297
2011041809,2,0,1,2,20.5,24.24,55,7.0015,37,132,169
2011041810,2,0,1,2,21.32,25,55,7.0015,41,68,109
2011041811,2,0,1,2,22.14,25.76,52,6.0032,36,87,123
2011041812,2,0,1,2,22.96,26.515,49,6.0032,60,124,184
2011041813,2,0,1,2,22.96,26.515,49,11.0014,41,128,169
2011041814,2,0,1,2,23.78,27.275,49,12.998,49,95,144
2011041815,2,0,1,2,24.6,31.06,43,12.998,64,112,176
2011041816,2,0,1,1,24.6,31.06,46,19.0012,40,165,205
2011041817,2,0,1,1,23.78,27.275,49,19.0012,66,362,428
2011041818,2,0,1,1,26.24,31.06,31,23.9994,41,321,362
2011041819,2,0,1,1,22.96,26.515,46,16.9979,42,244,286
2011041820,2,0,1,1,24.6,31.06,33,19.9995,29,136,165
2011041821,2,0,1,1,22.96,26.515,37,19.0012,20,131,151
2011041822,2,0,1,1,21.32,25,55,19.0012,9,81,90
2011041823,2,0,1,1,20.5,24.24,59,16.9979,11,35,46
2011041900,2,0,1,1,20.5,24.24,55,15.0013,2,23,25
2011041901,2,0,1,1,18.86,22.725,63,15.0013,5,2,7
2011041902,2,0,1,1,18.86,22.725,67,19.0012,8,5,13
2011041903,2,0,1,1,19.68,23.485,63,15.0013,0,3,3
2011041904,2,0,1,1,18.86,22.725,67,6.0032,1,4,5
2011041905,2,0,1,2,18.86,22.725,72,12.998,1,17,18
2011041906,2,0,1,2,19.68,23.485,67,0,2,63,65
2011041907,2,0,1,2,21.32,25,55,0,22,166,188
2011041908,2,0,1,2,20.5,24.24,68,8.9981,20,331,351
2011041909,2,0,1,3,21.32,25,63,6.0032,23,139,162
2011041910,2,0,1,2,20.5,24.24,72,15.0013,15,60,75
2011041911,2,0,1,2,22.14,25.76,68,11.0014,19,53,72
2011041912,2,0,1,2,22.14,25.76,64,6.0032,19,84,103
2011041913,2,0,1,2,22.14,25.76,68,15.0013,26,103,129
2011041914,2,0,1,2,22.14,25.76,64,12.998,19,88,107
2011041915,2,0,1,2,22.14,25.76,65,11.0014,44,83,127
2011041916,2,0,1,1,22.96,26.515,52,19.9995,30,162,192
2011041917,2,0,1,1,22.96,26.515,60,7.0015,39,372,411
2011041918,2,0,1,2,22.14,25.76,64,8.9981,44,377,421
2011041919,2,0,1,2,20.5,24.24,72,12.998,28,248,276
2011041920,2,0,1,2,20.5,24.24,72,15.0013,20,148,168
2011041921,2,0,1,2,20.5,24.24,72,8.9981,8,114,122
2011041922,2,0,1,1,19.68,23.485,77,6.0032,3,109,112
2011041923,2,0,1,1,18.86,22.725,88,6.0032,11,41,52
2012040100,2,0,0,2,14.76,16.665,76,16.9979,8,59,67
2012040101,2,0,0,2,14.76,17.425,76,11.0014,13,49,62
2012040102,2,0,0,2,14.76,17.425,76,11.0014,20,61,81
2012040103,2,0,0,2,13.94,16.665,81,8.9981,4,21,25
2012040104,2,0,0,2,13.94,17.425,81,6.0032,3,9,12
2012040105,2,0,0,2,13.94,17.425,81,6.0032,8,10,18
2012040106,2,0,0,2,14.76,17.425,76,8.9981,9,88,97
2012040107,2,0,0,2,14.76,17.425,71,8.9981,29,55,84
2012040108,2,0,0,2,14.76,18.18,76,6.0032,37,88,125
2012040109,2,0,0,2,14.76,17.425,81,8.9981,102,173,275
2012040110,2,0,0,2,16.4,20.455,71,7.0015,132,228,360
2012040111,2,0,0,2,16.4,20.455,71,12.998,180,271,451
2012040112,2,0,0,2,17.22,21.21,67,15.0013,187,258,445
2012040113,2,0,0,2,18.04,21.97,62,12.998,190,274,464
2012040114,2,0,0,2,19.68,23.485,55,15.0013,283,278,561
2012040115,2,0,0,1,20.5,24.24,55,16.9979,295,278,573
2012040116,2,0,0,1,21.32,25,52,16.9979,236,275,511
2012040117,2,0,0,1,21.32,25,55,19.0012,232,323,555
2012040118,2,0,0,1,21.32,25,52,19.9995,153,279,432
2012040119,2,0,0,1,21.32,25,55,15.0013,110,236,346
2012040120,2,0,0,2,20.5,24.24,59,15.0013,66,166,232
2012040121,2,0,0,2,20.5,24.24,59,11.0014,33,101,134
2012040122,2,0,0,3,20.5,24.24,63,7.0015,7,61,68
2012040123,2,0,0,3,18.86,22.725,72,0,10,53,63
2012040200,2,0,1,3,18.04,21.97,82,7.0015,6,11,17
2012040201,2,0,1,3,17.22,21.21,88,6.0032,0,5,5
2012040202,2,0,1,3,18.04,21.97,94,8.9981,2,3,5
2012040204,2,0,1,1,16.4,20.455,76,32.9975,2,2,4
2012040205,2,0,1,1,16.4,20.455,76,32.9975,2,22,24
2012040206,2,0,1,1,14.76,15.91,71,31.0009,6,104,110
2012040207,2,0,1,1,13.94,15.15,66,26.0027,12,294,306
2012040208,2,0,1,1,14.76,16.665,57,22.0028,36,553,589
2012040209,2,0,1,1,15.58,19.695,54,23.9994,52,265,317
2012040210,2,0,1,1,16.4,20.455,50,35.0008,85,119,204
2012040211,2,0,1,1,17.22,21.21,47,30.0026,81,128,209
2012040212,2,0,1,1,18.04,21.97,44,30.0026,100,181,281
2012040213,2,0,1,1,18.86,22.725,36,19.9995,97,184,281
2012040214,2,0,1,1,18.86,22.725,31,27.9993,127,141,268
2012040215,2,0,1,1,19.68,23.485,33,27.9993,132,192,324
2012040216,2,0,1,1,20.5,24.24,34,22.0028,104,291,395
2012040217,2,0,1,1,20.5,24.24,29,19.0012,128,601,729
2012040218,2,0,1,1,20.5,24.24,27,16.9979,75,543,618
2012040219,2,0,1,1,20.5,24.24,27,16.9979,66,428,494
2012040220,2,0,1,1,18.86,22.725,31,11.0014,48,281,329
2012040221,2,0,1,1,18.86,22.725,28,8.9981,24,214,238
2012040222,2,0,1,1,17.22,21.21,44,12.998,17,106,123
2012040223,2,0,1,1,18.04,21.97,35,11.0014,6,60,66
2012040300,2,0,1,1,16.4,20.455,43,8.9981,1,32,33
2012040301,2,0,1,1,15.58,19.695,46,15.0013,0,11,11
2012040302,2,0,1,1,14.76,17.425,53,11.0014,0,5,5
2012040303,2,0,1,1,15.58,19.695,46,0,0,3,3
2012040304,2,0,1,1,13.12,16.665,66,6.0032,0,1,1
2012040305,2,0,1,1,13.12,16.665,66,6.0032,2,25,27
2012040306,2,0,1,1,12.3,15.91,61,6.0032,2,98,100
2012040307,2,0,1,1,13.12,16.665,66,6.0032,14,327,341
2012040308,2,0,1,1,13.94,18.18,57,0,27,577,604
2012040309,2,0,1,1,17.22,21.21,38,6.0032,54,354,408
2012040310,2,0,1,1,18.04,21.97,33,0,77,142,219
2012040311,2,0,1,1,19.68,23.485,23,0,91,167,258
2012040312,2,0,1,1,21.32,25,25,0,101,230,331
2012040313,2,0,1,1,22.96,26.515,19,16.9979,120,225,345
2012040314,2,0,1,1,22.96,26.515,21,15.0013,120,191,311
2012040315,2,0,1,1,24.6,29.545,20,12.998,109,207,316
2012040316,2,0,1,1,25.42,30.305,21,11.0014,145,340,485
2012040317,2,0,1,1,25.42,30.305,17,12.998,123,634,757
2012040318,2,0,1,1,24.6,30.305,26,11.0014,139,661,800
2012040319,2,0,1,1,22.96,26.515,26,7.0015,98,460,558
2012040320,2,0,1,1,22.96,26.515,24,8.9981,54,325,379
2012040321,2,0,1,1,22.14,25.76,45,0,33,210,243
2012040322,2,0,1,1,20.5,24.24,51,0,25,133,158
2012040323,2,0,1,1,20.5,24.24,59,0,13,66,79
2012040400,2,0,1,1,19.68,23.485,48,0,18,23,41
2012040401,2,0,1,1,18.86,22.725,59,0,0,11,11
2012040402,2,0,1,1,18.86,22.725,51,0,0,5,5
2012040403,2,0,1,1,18.04,21.97,58,6.0032,0,3,3
2012040404,2,0,1,1,17.22,21.21,67,6.0032,0,1,1
2012040405,2,0,1,1,17.22,21.21,67,6.0032,0,27,27
2012040406,2,0,1,2,17.22,21.21,58,0,6,120,126
2012040407,2,0,1,2,18.04,21.97,62,0,12,354,366
2012040408,2,0,1,2,18.04,21.97,72,7.0015,31,653,684
2012040409,2,0,1,2,19.68,23.485,55,8.9981,47,316,363
2012040410,2,0,1,2,22.14,25.76,45,8.9981,68,99,167
2012040411,2,0,1,2,24.6,31.06,43,23.9994,61,152,213
2012040412,2,0,1,2,24.6,31.06,46,27.9993,73,210,283
2012040413,2,0,1,2,24.6,31.06,46,16.9979,70,181,251
2012040414,2,0,1,2,25.42,31.06,46,12.998,82,176,258
2012040415,2,0,1,2,26.24,31.06,44,19.0012,86,182,268
2012040416,2,0,1,2,26.24,31.06,44,19.0012,86,304,390
2012040417,2,0,1,1,27.06,31.06,41,19.9995,99,645,744
2012040418,2,0,1,1,27.06,31.06,41,16.9979,113,646,759
2012040419,2,0,1,1,27.06,31.06,39,15.0013,75,419,494
2012040420,2,0,1,1,26.24,31.06,27,15.0013,39,333,372
2012040421,2,0,1,1,24.6,30.305,23,22.0028,43,255,298
2012040422,2,0,1,1,22.96,26.515,22,11.0014,30,151,181
2012040423,2,0,1,1,21.32,25,23,27.9993,19,112,131
2012040500,2,0,1,1,21.32,25,23,27.9993,12,33,45
2012040501,2,0,1,1,19.68,23.485,27,22.0028,4,9,13
2012040502,2,0,1,1,18.86,22.725,33,30.0026,7,11,18
2012040503,2,0,1,1,17.22,21.21,41,19.9995,0,5,5
2012040504,2,0,1,1,15.58,19.695,43,19.0012,0,1,1
2012040505,2,0,1,1,15.58,19.695,43,19.0012,1,28,29
2012040506,2,0,1,1,14.76,16.665,46,22.0028,8,118,126
2012040507,2,0,1,1,13.94,16.665,49,12.998,15,339,354
2012040508,2,0,1,1,14.76,17.425,46,15.0013,28,610,638
2012040509,2,0,1,1,16.4,20.455,37,16.9979,61,290,351
2012040510,2,0,1,1,17.22,21.21,35,19.0012,88,158,246
2012040511,2,0,1,2,17.22,21.21,38,15.0013,109,159,268
2012040512,2,0,1,1,18.04,21.97,33,0,66,210,276
2012040513,2,0,1,1,18.86,22.725,31,0,89,202,291
2012040514,2,0,1,1,18.86,22.725,33,11.0014,143,144,287
2012040515,2,0,1,1,20.5,24.24,31,7.0015,98,171,269
2012040516,2,0,1,1,20.5,24.24,31,12.998,84,318,402
2012040517,2,0,1,1,20.5,24.24,31,11.0014,145,677,822
2012040518,2,0,1,1,20.5,24.24,31,7.0015,80,618,698
2012040519,2,0,1,1,19.68,23.485,31,16.9979,64,423,487
2012040520,2,0,1,1,18.04,21.97,41,12.998,33,279,312
2012040521,2,0,1,1,17.22,21.21,47,12.998,25,209,234
2012040522,2,0,1,1,16.4,20.455,47,12.998,20,129,149
2012040523,2,0,1,1,16.4,20.455,50,8.9981,12,124,136
2012040600,2,0,1,1,16.4,20.455,43,0,12,49,61
2012040601,2,0,1,1,14.76,17.425,62,8.9981,10,28,38
2012040602,2,0,1,1,14.76,16.665,50,26.0027,6,5,11
2012040603,2,0,1,1,13.94,15.15,53,22.0028,3,5,8
2012040604,2,0,1,1,13.94,15.91,49,16.9979,2,3,5
2012040605,2,0,1,1,13.12,15.15,53,22.0028,0,23,23
2012040606,2,0,1,1,12.3,13.635,49,26.0027,0,80,80
2012040607,2,0,1,1,12.3,14.395,49,19.0012,15,231,246
2012040608,2,0,1,1,12.3,13.635,49,22.0028,19,489,508
2012040609,2,0,1,1,13.94,15.15,42,22.0028,58,318,376
2012040610,2,0,1,1,14.76,16.665,40,22.0028,81,157,238
2012040611,2,0,1,1,16.4,20.455,37,19.9995,112,179,291
2012040612,2,0,1,1,17.22,21.21,35,19.9995,113,224,337
2012040613,2,0,1,1,18.04,21.97,33,22.0028,173,238,411
2012040614,2,0,1,1,19.68,23.485,29,26.0027,240,250,490
2012040615,2,0,1,1,20.5,24.24,27,19.0012,218,319,537
2012040616,2,0,1,1,20.5,24.24,22,27.9993,184,352,536
2012040617,2,0,1,1,21.32,25,23,27.9993,172,483,655
2012040618,2,0,1,1,20.5,24.24,22,31.0009,104,380,484
2012040619,2,0,1,1,19.68,23.485,23,19.9995,115,297,412
2012040620,2,0,1,1,18.86,22.725,24,19.0012,61,191,252
2012040621,2,0,1,1,18.04,21.97,26,8.9981,54,136,190
2012040622,2,0,1,1,16.4,20.455,35,15.0013,34,124,158
2012040623,2,0,1,1,17.22,21.21,30,19.0012,21,92,113
2012040700,2,0,0,1,17.22,21.21,26,19.9995,9,85,94
2012040701,2,0,0,1,16.4,20.455,28,16.9979,9,60,69
2012040702,2,0,0,1,14.76,16.665,29,23.9994,11,25,36
2012040703,2,0,0,1,14.76,16.665,32,16.9979,7,21,28
2012040704,2,0,0,1,13.12,15.91,36,11.0014,3,4,7
2012040705,2,0,0,1,13.12,15.91,33,11.0014,0,2,2
2012040706,2,0,0,1,13.12,15.91,36,12.998,1,18,19
2012040707,2,0,0,1,13.12,15.15,33,19.0012,14,40,54
2012040708,2,0,0,1,13.94,15.91,34,16.9979,29,94,123
2012040709,2,0,0,1,16.4,20.455,30,16.9979,103,173,276
2012040710,2,0,0,1,17.22,21.21,28,16.9979,187,176,363
2012040711,2,0,0,1,18.04,21.97,24,19.9995,251,244,495
2012040712,2,0,0,1,18.86,22.725,23,26.0027,320,270,590
2012040713,2,0,0,1,20.5,24.24,22,12.998,355,288,643
2012040714,2,0,0,1,20.5,24.24,22,19.9995,326,252,578
2012040715,2,0,0,1,21.32,25,19,27.9993,321,305,626
2012040716,2,0,0,1,22.14,25.76,19,26.0027,354,261,615
2012040717,2,0,0,1,22.14,25.76,19,27.9993,299,268,567
2012040718,2,0,0,1,22.14,25.76,18,19.9995,227,290,517
2012040719,2,0,0,1,22.14,25.76,16,22.0028,170,243,413
2012040720,2,0,0,1,20.5,24.24,20,15.0013,73,135,208
2012040721,2,0,0,1,20.5,24.24,20,12.998,75,159,234
2012040722,2,0,0,1,19.68,23.485,20,12.998,76,106,182
2012040723,2,0,0,1,18.86,22.725,23,15.0013,32,86,118
2012040800,2,0,0,1,18.04,21.97,24,15.0013,21,64,85
2012040801,2,0,0,1,18.04,21.97,24,15.0013,14,50,64
2012040802,2,0,0,1,18.04,21.97,24,15.0013,7,25,32
2012040803,2,0,0,1,17.22,21.21,26,8.9981,8,18,26
2012040804,2,0,0,1,16.4,20.455,40,0,0,7,7
2012040805,2,0,0,1,15.58,19.695,46,0,4,8,12
2012040806,2,0,0,1,14.76,18.94,37,0,7,21,28
2012040807,2,0,0,1,15.58,19.695,27,11.0014,12,25,37
2012040808,2,0,0,1,16.4,20.455,30,12.998,19,65,84
2012040809,2,0,0,1,18.04,21.97,26,15.0013,71,108,179
2012040810,2,0,0,1,20.5,24.24,25,15.0013,113,186,299
2012040811,2,0,0,1,20.5,24.24,25,19.0012,195,209,404
2012040812,2,0,0,1,22.14,25.76,24,16.9979,198,259,457
2012040813,2,0,0,1,23.78,27.275,23,11.0014,229,254,483
2012040814,2,0,0,1,24.6,29.545,18,30.0026,254,249,503
2012040815,2,0,0,1,25.42,30.305,17,23.9994,260,226,486
2012040816,2,0,0,1,26.24,30.305,19,22.0028,232,244,476
2012040817,2,0,0,1,25.42,30.305,22,19.9995,185,226,411
2012040818,2,0,0,1,25.42,30.305,25,22.0028,151,159,310
2012040819,2,0,0,1,24.6,30.305,23,26.0027,89,187,276
2012040820,2,0,0,1,22.96,26.515,28,27.9993,65,146,211
2012040821,2,0,0,1,21.32,25,34,15.0013,53,77,130
2012040822,2,0,0,1,20.5,24.24,36,15.0013,33,85,118
2012040823,2,0,0,1,20.5,24.24,39,16.9979,10,41,51
2012040900,2,0,1,1,19.68,23.485,39,19.0012,8,29,37
2012040901,2,0,1,1,18.86,22.725,41,8.9981,4,12,16
2012040902,2,0,1,1,18.86,22.725,31,12.998,2,4,6
2012040903,2,0,1,1,18.04,21.97,30,11.0014,0,3,3
2012040904,2,0,1,1,18.04,21.97,24,12.998,2,3,5
2012040905,2,0,1,1,18.04,21.97,24,12.998,2,30,32
2012040906,2,0,1,1,17.22,21.21,26,15.0013,3,108,111
2012040907,2,0,1,1,17.22,21.21,28,12.998,11,320,331
2012040908,2,0,1,1,18.04,21.97,30,12.998,22,595,617
2012040909,2,0,1,1,18.86,22.725,31,23.9994,50,236,286
2012040910,2,0,1,1,20.5,24.24,27,32.9975,65,113,178
2012040911,2,0,1,1,21.32,25,27,27.9993,96,127,223
2012040912,2,0,1,1,22.14,25.76,28,47.9988,94,186,280
2012040913,2,0,1,1,22.14,25.76,28,39.0007,108,173,281
2012040914,2,0,1,1,22.96,26.515,28,36.9974,66,152,218
2012040915,2,0,1,1,23.78,27.275,28,36.9974,82,173,255
2012040916,2,0,1,1,22.96,26.515,30,27.9993,81,310,391
2012040917,2,0,1,1,22.14,25.76,32,27.9993,67,565,632
2012040918,2,0,1,1,22.14,25.76,34,19.9995,60,586,646
2012040919,2,0,1,1,21.32,25,34,23.9994,35,386,421
2012040920,2,0,1,1,20.5,24.24,36,30.0026,21,255,276
2012040921,2,0,1,3,19.68,23.485,41,27.9993,14,151,165
2012040922,2,0,1,2,18.86,22.725,41,32.9975,6,102,108
2012040923,2,0,1,1,18.04,21.97,44,19.9995,6,61,67
2012041000,2,0,1,2,18.04,21.97,47,19.0012,3,23,26
2012041001,2,0,1,1,17.22,21.21,50,15.0013,0,9,9
2012041002,2,0,1,1,14.76,17.425,71,8.9981,0,2,2
2012041003,2,0,1,1,14.76,17.425,71,8.9981,0,2,2
2012041004,2,0,1,1,13.94,16.665,71,8.9981,0,2,2
2012041005,2,0,1,1,13.94,16.665,71,8.9981,0,24,24
2012041006,2,0,1,1,13.94,17.425,71,7.0015,3,100,103
2012041007,2,0,1,1,13.94,17.425,71,7.0015,16,368,384
2012041008,2,0,1,1,15.58,19.695,62,8.9981,22,670,692
2012041009,2,0,1,1,17.22,21.21,67,12.998,16,303,319
2012041010,2,0,1,1,18.86,22.725,47,11.0014,49,132,181
2012041011,2,0,1,1,20.5,24.24,36,0,78,161,239
2012041012,2,0,1,1,22.14,25.76,22,19.0012,75,184,259
2012041013,2,0,1,1,21.32,25,23,11.0014,81,202,283
2012041014,2,0,1,1,22.14,25.76,24,12.998,75,149,224
2012041015,2,0,1,1,22.96,26.515,21,19.9995,46,157,203
2012041016,2,0,1,1,23.78,27.275,21,16.9979,66,296,362
2012041017,2,0,1,1,22.96,26.515,21,35.0008,88,656,744
2012041018,2,0,1,1,22.14,25.76,22,27.9993,78,626,704
2012041019,2,0,1,1,21.32,25,20,23.9994,51,428,479
2012041020,2,0,1,1,18.86,22.725,28,26.0027,34,248,282
2012041021,2,0,1,1,18.04,21.97,30,30.0026,15,191,206
2012041022,2,0,1,1,16.4,20.455,37,32.9975,9,118,127
2012041023,2,0,1,1,14.76,16.665,40,27.9993,14,48,62
2012041100,2,0,1,1,13.94,15.15,36,27.9993,8,22,30
2012041101,2,0,1,1,13.94,15.91,39,19.0012,3,9,12
2012041102,2,0,1,1,13.12,15.15,45,19.0012,0,2,2
2012041103,2,0,1,1,12.3,14.395,49,15.0013,0,2,2
2012041105,2,0,1,1,11.48,13.635,56,12.998,1,26,27
2012041106,2,0,1,1,11.48,14.395,56,7.0015,3,103,106
2012041107,2,0,1,1,11.48,14.395,52,8.9981,18,303,321
2012041108,2,0,1,1,12.3,14.395,49,15.0013,14,581,595
2012041109,2,0,1,2,13.12,15.15,49,19.9995,20,282,302
2012041110,2,0,1,2,13.94,15.15,49,22.0028,26,127,153
2012041111,2,0,1,2,15.58,19.695,43,22.0028,38,142,180
2012041112,2,0,1,2,14.76,16.665,46,26.0027,35,147,182
2012041113,2,0,1,2,16.4,20.455,40,23.9994,16,147,163
2012041114,2,0,1,1,14.76,17.425,57,12.998,34,101,135
2012041115,2,0,1,3,15.58,19.695,46,15.0013,50,152,202
2012041116,2,0,1,1,18.04,21.97,33,19.9995,51,256,307
2012041117,2,0,1,1,17.22,21.21,35,26.0027,52,527,579
2012041118,2,0,1,3,16.4,20.455,43,27.9993,39,546,585
2012041119,2,0,1,1,16.4,20.455,40,23.9994,28,356,384
2012041120,2,0,1,1,14.76,16.665,46,22.0028,22,213,235
2012041121,2,0,1,1,13.94,15.15,57,26.0027,11,154,165
2012041122,2,0,1,1,13.94,15.15,57,22.0028,4,130,134
2012041123,2,0,1,1,13.94,15.15,57,19.9995,9,52,61
2012041200,2,0,1,1,13.12,15.15,66,19.0012,1,22,23
2012041201,2,0,1,1,13.12,15.15,66,15.0013,2,7,9
2012041202,2,0,1,1,13.12,15.15,61,19.0012,0,4,4
2012041203,2,0,1,1,13.12,15.15,61,16.9979,2,3,5
2012041204,2,0,1,1,12.3,14.395,61,15.0013,0,1,1
2012041205,2,0,1,1,12.3,14.395,61,15.0013,0,21,21
2012041206,2,0,1,1,12.3,14.395,65,16.9979,2,94,96
2012041207,2,0,1,1,12.3,13.635,65,22.0028,12,294,306
2012041208,2,0,1,1,13.12,15.15,66,22.0028,20,604,624
2012041209,2,0,1,1,14.76,16.665,57,23.9994,16,271,287
2012041210,2,0,1,1,16.4,20.455,50,19.9995,38,103,141
2012041211,2,0,1,1,17.22,21.21,47,19.9995,50,174,224
2012041212,2,0,1,1,18.86,22.725,41,30.0026,60,199,259
2012041213,2,0,1,1,19.68,23.485,36,30.0026,55,148,203
2012041214,2,0,1,1,20.5,24.24,31,22.0028,74,150,224
2012041215,2,0,1,1,19.68,23.485,31,16.9979,42,169,211
2012041216,2,0,1,1,19.68,23.485,31,19.0012,54,299,353
2012041217,2,0,1,1,20.5,24.24,27,26.0027,60,596,656
2012041218,2,0,1,1,20.5,24.24,27,26.0027,63,547,610
2012041219,2,0,1,1,18.86,22.725,31,19.9995,50,383,433
2012041220,2,0,1,1,18.04,21.97,33,16.9979,26,254,280
2012041221,2,0,1,1,17.22,21.21,35,8.9981,13,174,187
2012041222,2,0,1,1,17.22,21.21,35,12.998,15,143,158
2012041223,2,0,1,1,17.22,21.21,35,12.998,8,86,94
2012041300,2,0,1,1,16.4,20.455,37,16.9979,14,41,55
2012041301,2,0,1,1,14.76,17.425,46,12.998,2,28,30
2012041302,2,0,1,1,13.94,16.665,49,12.998,6,5,11
2012041303,2,0,1,1,13.94,16.665,61,11.0014,3,8,11
2012041304,2,0,1,2,13.94,16.665,53,8.9981,1,4,5
2012041305,2,0,1,2,13.94,16.665,53,11.0014,2,19,21
2012041306,2,0,1,1,13.12,15.91,57,11.0014,0,84,84
2012041307,2,0,1,1,13.94,15.91,61,15.0013,13,283,296
2012041308,2,0,1,1,15.58,19.695,46,11.0014,24,539,563
2012041309,2,0,1,1,17.22,21.21,41,11.0014,36,294,330
2012041310,2,0,1,1,18.04,21.97,38,12.998,59,133,192
2012041311,2,0,1,1,18.86,22.725,36,8.9981,75,158,233
2012041312,2,0,1,1,20.5,24.24,31,0,104,218,322
2012041313,2,0,1,1,21.32,25,27,19.0012,112,246,358
2012041314,2,0,1,1,21.32,25,27,0,125,223,348
2012041315,2,0,1,1,22.14,25.76,28,16.9979,115,237,352
2012041316,2,0,1,1,22.96,26.515,26,16.9979,113,350,463
2012041317,2,0,1,1,22.96,26.515,24,11.0014,117,621,738
2012041318,2,0,1,1,22.14,25.76,26,8.9981,107,564,671
2012041319,2,0,1,1,22.14,25.76,24,11.0014,75,352,427
2012041320,2,0,1,1,20.5,24.24,29,8.9981,44,242,286
2012041321,2,0,1,1,20.5,24.24,36,0,36,153,189
2012041322,2,0,1,1,18.04,21.97,62,7.0015,34,181,215
2012041323,2,0,1,1,17.22,21.21,62,6.0032,35,163,198
2012041400,2,0,0,1,16.4,20.455,58,8.9981,11,85,96
2012041401,2,0,0,1,16.4,20.455,58,8.9981,10,60,70
2012041402,2,0,0,1,15.58,19.695,66,8.9981,3,53,56
2012041403,2,0,0,1,14.76,18.18,66,6.0032,6,26,32
2012041404,2,0,0,1,14.76,18.18,71,7.0015,5,9,14
2012041405,2,0,0,1,14.76,18.18,66,7.0015,2,5,7
2012041406,2,0,0,1,13.94,16.665,76,11.0014,2,19,21
2012041407,2,0,0,1,14.76,18.18,71,7.0015,8,56,64
2012041408,2,0,0,1,14.76,17.425,71,8.9981,24,136,160
2012041409,2,0,0,1,17.22,21.21,54,8.9981,59,206,265
2012041410,2,0,0,1,18.86,22.725,51,11.0014,139,267,406
2012041411,2,0,0,1,21.32,25,45,12.998,207,357,564
2012041412,2,0,0,1,23.78,27.275,35,16.9979,274,404,678
2012041413,2,0,0,1,25.42,31.06,33,19.9995,308,370,678
2012041414,2,0,0,2,26.24,31.06,27,30.0026,288,372,660
2012041415,2,0,0,2,26.24,31.06,27,23.9994,311,347,658
2012041416,2,0,0,2,26.24,31.06,27,23.9994,253,329,582
2012041417,2,0,0,2,25.42,31.06,33,16.9979,251,309,560
2012041418,2,0,0,2,25.42,31.06,35,15.0013,197,284,481
2012041419,2,0,0,2,24.6,31.06,40,11.0014,163,296,459
2012041420,2,0,0,2,22.96,26.515,46,8.9981,112,209,321
2012041421,2,0,0,2,22.96,26.515,43,8.9981,53,167,220
2012041422,2,0,0,2,22.14,25.76,52,11.0014,64,148,212
2012041423,2,0,0,2,22.14,25.76,56,12.998,45,151,196
2012041500,2,0,0,2,22.14,25.76,56,12.998,30,94,124
2012041501,2,0,0,2,22.14,25.76,56,11.0014,17,89,106
2012041502,2,0,0,2,22.14,25.76,56,7.0015,20,54,74
2012041503,2,0,0,2,21.32,25,59,8.9981,18,27,45
2012041504,2,0,0,2,22.14,25.76,52,0,2,10,12
2012041505,2,0,0,1,20.5,24.24,68,11.0014,4,6,10
2012041506,2,0,0,1,20.5,24.24,63,8.9981,5,11,16
2012041507,2,0,0,1,20.5,24.24,63,7.0015,16,30,46
2012041508,2,0,0,1,21.32,25,59,0,33,64,97
2012041509,2,0,0,1,22.14,25.76,56,15.0013,97,154,251
2012041510,2,0,0,1,23.78,27.275,53,15.0013,186,235,421
2012041511,2,0,0,1,25.42,31.06,46,19.9995,227,301,528
2012041512,2,0,0,1,26.24,31.06,44,19.0012,275,360,635
2012041513,2,0,0,1,27.06,31.06,44,19.0012,298,383,681
2012041514,2,0,0,1,28.7,31.82,39,19.0012,282,346,628
2012041515,2,0,0,1,28.7,31.82,39,26.0027,266,351,617
2012041516,2,0,0,1,29.52,32.575,39,23.9994,286,330,616
2012041517,2,0,0,1,28.7,31.82,42,22.0028,262,361,623
2012041518,2,0,0,1,28.7,31.82,42,16.9979,184,295,479
2012041519,2,0,0,1,28.7,31.82,42,16.9979,114,265,379
2012041520,2,0,0,1,26.24,31.06,50,15.0013,86,205,291
2012041521,2,0,0,1,25.42,31.06,57,16.9979,76,153,229
2012041522,2,0,0,1,27.88,31.82,44,23.9994,37,97,134
2012041523,2,0,0,1,27.06,31.06,50,26.0027,25,65,90
2012041600,2,1,0,1,26.24,31.06,53,22.0028,15,26,41
2012041601,2,1,0,1,25.42,30.305,61,23.9994,7,21,28
2012041602,2,1,0,1,24.6,30.305,64,16.9979,5,9,14
2012041603,2,1,0,1,23.78,27.275,68,12.998,3,5,8
2012041604,2,1,0,1,22.14,25.76,77,15.0013,0,6,6
2012041605,2,1,0,1,22.14,25.76,77,15.0013,4,34,38
2012041606,2,1,0,1,21.32,25,83,11.0014,10,123,133
2012041607,2,1,0,1,21.32,25,83,8.9981,20,367,387
2012041608,2,1,0,2,22.96,26.515,83,11.0014,48,549,597
2012041609,2,1,0,1,25.42,30.305,69,15.0013,59,238,297
2012041610,2,1,0,1,25.42,30.305,69,16.9979,75,149,224
2012041611,2,1,0,1,26.24,30.305,65,16.9979,115,136,251
2012041612,2,1,0,1,27.88,31.82,57,16.9979,75,196,271
2012041613,2,1,0,1,30.34,33.335,45,19.9995,79,184,263
2012041614,2,1,0,1,31.16,34.09,45,22.0028,105,183,288
2012041615,2,1,0,1,32.8,34.85,33,30.0026,81,194,275
2012041616,2,1,0,1,32.8,34.85,33,31.0009,92,266,358
2012041617,2,1,0,1,32.8,34.85,33,26.0027,111,601,712
2012041618,2,1,0,1,32.8,34.85,31,26.0027,87,589,676
2012041619,2,1,0,1,31.16,33.335,35,26.0027,61,461,522
2012041620,2,1,0,1,30.34,32.575,37,19.9995,48,327,375
2012041621,2,1,0,1,27.88,31.82,51,16.9979,39,232,271
2012041622,2,1,0,1,27.88,31.82,51,16.9979,35,179,214
2012041623,2,1,0,1,28.7,31.82,45,19.9995,24,97,121
2012041700,2,0,1,1,27.06,31.06,54,12.998,10,33,43
2012041701,2,0,1,1,26.24,31.06,57,11.0014,6,5,11
2012041702,2,0,1,1,22.96,26.515,83,7.0015,1,3,4
2012041703,2,0,1,1,22.96,26.515,83,6.0032,0,6,6
2012041704,2,0,1,1,27.06,31.06,44,15.0013,3,6,9
2012041705,2,0,1,1,24.6,31.06,53,16.9979,1,29,30
2012041706,2,0,1,1,24.6,31.06,46,16.9979,8,136,144
2012041707,2,0,1,1,24.6,31.06,43,16.9979,18,443,461
2012041708,2,0,1,1,24.6,31.06,43,15.0013,42,631,673
2012041709,2,0,1,1,24.6,31.06,38,32.9975,71,329,400
2012041710,2,0,1,1,24.6,31.06,38,27.9993,52,165,217
2012041711,2,0,1,1,24.6,31.06,33,27.9993,65,174,239
2012041712,2,0,1,1,24.6,31.06,33,23.9994,65,179,244
2012041713,2,0,1,1,25.42,31.06,29,16.9979,52,187,239
2012041714,2,0,1,1,26.24,31.06,27,19.0012,59,198,257
2012041715,2,0,1,1,27.06,31.06,24,22.0028,91,217,308
2012041716,2,0,1,1,27.88,31.06,22,23.9994,50,320,370
2012041717,2,0,1,1,26.24,30.305,25,19.9995,108,673,781
2012041718,2,0,1,1,26.24,30.305,25,19.0012,105,670,775
2012041719,2,0,1,1,24.6,30.305,26,16.9979,73,464,537
2012041720,2,0,1,1,24.6,30.305,23,19.0012,44,358,402
2012041721,2,0,1,1,22.96,26.515,26,19.9995,37,260,297
2012041722,2,0,1,1,22.14,25.76,30,16.9979,18,144,162
2012041723,2,0,1,1,22.14,25.76,32,15.0013,10,72,82
2012041800,2,0,1,1,22.14,25.76,32,11.0014,3,35,38
2012041801,2,0,1,1,21.32,25,34,12.998,1,13,14
2012041802,2,0,1,2,20.5,24.24,42,12.998,1,8,9
2012041803,2,0,1,2,20.5,24.24,42,15.0013,0,6,6
2012041804,2,0,1,2,20.5,24.24,42,19.0012,0,7,7
2012041805,2,0,1,2,20.5,24.24,39,19.0012,0,34,34
2012041806,2,0,1,2,20.5,24.24,39,19.0012,6,128,134
2012041807,2,0,1,2,20.5,24.24,39,12.998,10,408,418
2012041808,2,0,1,3,20.5,24.24,39,12.998,25,551,576
2012041809,2,0,1,3,19.68,23.485,44,19.9995,20,245,265
2012041810,2,0,1,3,19.68,23.485,47,15.0013,31,116,147
2012041811,2,0,1,3,18.86,22.725,47,16.9979,14,105,119
2012041812,2,0,1,3,18.86,22.725,51,7.0015,15,95,110
2012041813,2,0,1,3,18.86,22.725,59,0,13,51,64
2012041814,2,0,1,3,18.04,21.97,72,7.0015,8,43,51
2012041815,2,0,1,3,17.22,21.21,77,12.998,10,88,98
2012041816,2,0,1,2,17.22,21.21,77,15.0013,36,199,235
2012041817,2,0,1,2,17.22,21.21,77,12.998,46,442,488
2012041818,2,0,1,2,17.22,21.21,77,0,27,478,505
2012041819,2,0,1,2,17.22,21.21,77,8.9981,26,342,368
2012041820,2,0,1,2,17.22,21.21,77,7.0015,8,252,260
2012041821,2,0,1,2,17.22,21.21,82,6.0032,24,165,189
2012041822,2,0,1,2,17.22,21.21,77,6.0032,9,153,162
2012041823,2,0,1,2,17.22,21.21,77,0,14,56,70
2012041900,2,0,1,3,17.22,21.21,77,0,5,20,25
2012041901,2,0,1,3,17.22,21.21,77,7.0015,2,11,13
2012041902,2,0,1,2,17.22,21.21,77,0,2,4,6
2012041903,2,0,1,2,17.22,21.21,77,0,1,3,4
2012041904,2,0,1,2,17.22,21.21,71,0,0,4,4
2012041905,2,0,1,1,16.4,20.455,82,0,0,30,30
2012041906,2,0,1,2,16.4,20.455,82,7.0015,4,116,120
2012041907,2,0,1,2,16.4,20.455,82,8.9981,15,391,406
2012041908,2,0,1,2,17.22,21.21,82,7.0015,26,651,677
2012041909,2,0,1,2,18.86,22.725,72,0,31,270,301
2012041910,2,0,1,1,19.68,23.485,63,6.0032,46,143,189
2012041911,2,0,1,1,21.32,25,48,0,46,183,229
2012041912,2,0,1,1,22.14,25.76,49,0,51,213,264
2012041913,2,0,1,1,22.96,26.515,46,0,52,186,238
2012041914,2,0,1,1,23.78,27.275,43,0,54,183,237
2012041915,2,0,1,1,24.6,31.06,43,0,66,196,262
2012041916,2,0,1,1,25.42,31.06,41,7.0015,63,324,387
2012041917,2,0,1,1,24.6,31.06,43,6.0032,85,663,748
2012041918,2,0,1,1,24.6,31.06,43,6.0032,99,677,776
2012041919,2,0,1,1,23.78,27.275,46,8.9981,70,516,586
2012041920,2,0,1,1,22.96,26.515,49,15.0013,52,352,404
2012041921,2,0,1,1,21.32,25,55,7.0015,27,240,267
2012041922,2,0,1,1,21.32,25,59,12.998,29,219,248
2012041923,2,0,1,1,20.5,24.24,63,7.0015,20,124,144
